Carrier Code,Date (MM/DD/YYYY),Flight Number,Tail Number,Destination Airport,Scheduled departure time,Actual departure time,Scheduled elapsed time (Minutes),Actual elapsed time (Minutes),Departure delay (Minutes),Wheels-off time,Taxi-Out time (Minutes),Delay Carrier (Minutes),Delay Weather (Minutes),Delay National Aviation System (Minutes),Delay Security (Minutes),Delay Late Aircraft Arrival (Minutes)
DL,6/5/2021,2188,N357NB,ATL,10:20,10:22,105,102,2,10:31,9,0,0,0,0,0
DL,6/5/2021,2485,N319NB,ATL,16:19,16:16,114,104,-3,16:25,9,0,0,0,0,0
DL,6/5/2021,2500,N337NB,ATL,6:00,5:58,109,103,-2,6:09,11,0,0,0,0,0
DL,6/6/2021,2188,N333NB,ATL,10:20,10:15,105,109,-5,10:24,9,0,0,0,0,0
DL,6/6/2021,2485,N319NB,ATL,16:19,17:40,114,125,81,18:03,23,81,0,11,0,0
DL,6/6/2021,2500,N343NB,ATL,6:00,7:51,109,108,111,8:10,19,110,0,0,0,0
DL,6/7/2021,2188,N357NB,ATL,10:20,10:15,105,109,-5,10:25,10,0,0,0,0,0
DL,6/7/2021,2485,N349NB,ATL,16:19,16:19,114,99,0,16:28,9,0,0,0,0,0
DL,6/7/2021,2500,N337NB,ATL,6:00,5:54,109,109,-6,6:04,10,0,0,0,0,0
DL,6/8/2021,2188,N344NB,ATL,10:20,10:43,105,112,23,10:52,9,23,0,7,0,0
DL,6/8/2021,2485,N357NB,ATL,16:19,16:21,114,112,2,16:35,14,0,0,0,0,0
DL,6/8/2021,2500,N347NB,ATL,6:00,5:56,109,109,-4,6:09,13,0,0,0,0,0
DL,6/9/2021,2188,N344NB,ATL,10:20,10:14,105,100,-6,10:24,10,0,0,0,0,0
DL,6/9/2021,2485,N349NB,ATL,16:19,16:25,114,110,6,16:38,13,0,0,0,0,0
DL,6/9/2021,2500,N345NB,ATL,6:00,6:01,109,108,1,6:11,10,0,0,0,0,0
DL,6/10/2021,2188,N349NB,ATL,10:20,10:25,105,107,5,10:36,11,0,0,0,0,0
DL,6/10/2021,2485,N340NB,ATL,16:19,16:17,114,134,-2,16:32,15,0,0,18,0,0
DL,6/10/2021,2500,N337NB,ATL,6:00,5:55,109,120,-5,6:22,27,0,0,0,0,0
DL,6/11/2021,2188,N319NB,ATL,10:20,10:17,105,112,-3,10:31,14,0,0,0,0,0
DL,6/11/2021,2485,N319NB,ATL,16:19,16:26,114,106,7,16:38,12,0,0,0,0,0
DL,6/11/2021,2500,N347NB,ATL,6:00,6:47,109,111,47,6:58,11,47,0,2,0,0
DL,6/12/2021,2188,N319NB,ATL,10:20,10:14,105,99,-6,10:22,8,0,0,0,0,0
DL,6/12/2021,2485,N343NB,ATL,16:19,16:56,114,127,37,17:25,29,37,0,13,0,0
DL,6/12/2021,2500,N345NB,ATL,6:00,5:56,109,112,-4,6:09,13,0,0,0,0,0
DL,6/13/2021,2188,N352NB,ATL,10:20,10:17,105,105,-3,10:29,12,0,0,0,0,0
DL,6/13/2021,2485,N344NB,ATL,16:19,16:46,114,100,27,17:00,14,0,0,0,0,0
DL,6/13/2021,2500,N349NB,ATL,6:00,6:02,109,121,2,6:25,23,0,0,0,0,0
DL,6/14/2021,2188,N337NB,ATL,10:20,10:07,105,102,-13,10:19,12,0,0,0,0,0
DL,6/14/2021,2485,N319NB,ATL,16:19,16:12,114,100,-7,16:27,15,0,0,0,0,0
DL,6/14/2021,2500,N348NB,ATL,6:00,6:01,109,100,1,6:16,15,0,0,0,0,0
DL,6/15/2021,2188,N337NB,ATL,10:20,10:01,105,88,-19,10:11,10,0,0,0,0,0
DL,6/15/2021,2485,N320NB,ATL,16:19,16:24,114,95,5,16:40,16,0,0,0,0,0
DL,6/15/2021,2500,N347NB,ATL,6:00,5:47,109,97,-13,5:58,11,0,0,0,0,0
DL,6/16/2021,2188,N319NB,ATL,10:20,10:08,105,94,-12,10:17,9,0,0,0,0,0
DL,6/16/2021,2485,N353NB,ATL,16:19,16:21,114,95,2,16:35,14,0,0,0,0,0
DL,6/16/2021,2500,N318NB,ATL,6:00,5:51,109,95,-9,6:03,12,0,0,0,0,0
DL,6/17/2021,2188,N337NB,ATL,10:20,10:12,105,100,-8,10:24,12,0,0,0,0,0
DL,6/17/2021,2485,N349NB,ATL,16:19,16:19,114,98,0,16:34,15,0,0,0,0,0
DL,6/17/2021,2500,N343NB,ATL,6:00,5:52,109,103,-8,6:09,17,0,0,0,0,0
DL,6/18/2021,2188,N349NB,ATL,10:20,10:14,105,104,-6,10:29,15,0,0,0,0,0
DL,6/18/2021,2485,N352NB,ATL,16:19,16:14,114,95,-5,16:23,9,0,0,0,0,0
DL,6/18/2021,2500,N318NB,ATL,6:00,5:57,109,103,-3,6:10,13,0,0,0,0,0
DL,6/19/2021,2188,N320NB,ATL,10:20,10:18,105,111,-2,10:33,15,0,0,0,0,0
DL,6/19/2021,2485,N352NB,ATL,16:19,16:15,114,108,-4,16:29,14,0,0,0,0,0
DL,6/19/2021,2500,N343NB,ATL,6:00,5:56,109,126,-4,6:13,17,0,0,0,0,0
DL,6/20/2021,2188,N320NB,ATL,10:20,10:16,105,107,-4,10:34,18,0,0,0,0,0
DL,6/20/2021,2485,N348NB,ATL,16:19,16:14,114,106,-5,16:30,16,0,0,0,0,0
DL,6/20/2021,2500,N349NB,ATL,6:00,5:58,109,117,-2,6:09,11,0,0,0,0,0
DL,6/21/2021,2188,N347NB,ATL,10:20,10:08,105,101,-12,10:20,12,0,0,0,0,0
DL,6/21/2021,2485,N341NB,ATL,16:19,16:28,114,117,9,16:36,8,0,0,0,0,0
DL,6/21/2021,2500,N345NB,ATL,6:00,6:02,109,107,2,6:14,12,0,0,0,0,0
DL,6/22/2021,2188,N366NB,ATL,10:20,10:18,105,105,-2,10:36,18,0,0,0,0,0
DL,6/22/2021,2485,N366NB,ATL,16:19,16:19,114,95,0,16:29,10,0,0,0,0,0
DL,6/22/2021,2500,N340NB,ATL,6:00,5:51,109,109,-9,6:02,11,0,0,0,0,0
DL,6/23/2021,2188,N322NB,ATL,10:20,10:08,105,90,-12,10:18,10,0,0,0,0,0
DL,6/23/2021,2485,N320NB,ATL,16:19,16:17,114,93,-2,16:28,11,0,0,0,0,0
DL,6/23/2021,2500,N347NB,ATL,6:00,5:52,109,97,-8,6:03,11,0,0,0,0,0
DL,6/24/2021,2188,N366NB,ATL,10:20,10:08,105,98,-12,10:21,13,0,0,0,0,0
DL,6/24/2021,2485,N366NB,ATL,16:19,16:19,114,107,0,16:38,19,0,0,0,0,0
DL,6/24/2021,2500,N352NB,ATL,6:00,7:48,109,102,108,7:58,10,101,0,0,0,0
DL,6/25/2021,2188,N340NB,ATL,10:20,10:56,105,93,36,11:04,8,0,0,0,0,24
DL,6/25/2021,2485,N322NB,ATL,16:19,16:19,114,101,0,16:30,11,0,0,0,0,0
DL,6/25/2021,2500,N349NB,ATL,6:00,5:59,109,109,-1,6:15,16,0,0,0,0,0
DL,6/26/2021,2188,N345NB,ATL,10:20,10:15,105,103,-5,10:29,14,0,0,0,0,0
DL,6/26/2021,2485,N325NB,ATL,16:19,16:18,114,108,-1,16:30,12,0,0,0,0,0
DL,6/26/2021,2500,N348NB,ATL,6:00,5:59,109,134,-1,6:25,26,0,0,24,0,0
DL,6/27/2021,2188,N355NB,ATL,10:20,10:17,105,107,-3,10:28,11,0,0,0,0,0
DL,6/27/2021,2485,N369NB,ATL,16:19,16:18,114,104,-1,16:29,11,0,0,0,0,0
DL,6/27/2021,2500,N345NB,ATL,6:00,7:01,109,102,61,7:11,10,54,0,0,0,0
DL,6/28/2021,2188,N317NB,ATL,10:20,10:16,105,99,-4,10:25,9,0,0,0,0,0
DL,6/28/2021,2485,N323NB,ATL,16:19,16:58,114,108,39,17:13,15,0,0,0,0,33
DL,6/28/2021,2500,N343NB,ATL,6:00,5:57,109,102,-3,6:05,8,0,0,0,0,0
DL,6/29/2021,2188,N340NB,ATL,10:20,10:26,105,130,6,10:45,19,0,6,25,0,0
DL,6/29/2021,2485,N322NB,ATL,16:19,16:42,114,120,23,16:53,11,0,0,6,0,23
DL,6/29/2021,2500,N317NB,ATL,6:00,5:52,109,144,-8,6:13,21,0,0,27,0,0
DL,6/30/2021,2188,N343NB,ATL,10:20,10:19,105,99,-1,10:29,10,0,0,0,0,0
DL,6/30/2021,2485,N341NB,ATL,16:19,16:29,114,142,10,17:19,50,0,0,28,0,10
DL,6/30/2021,2500,N360NB,ATL,6:00,5:51,109,102,-9,6:01,10,0,0,0,0,0
DL,7/1/2021,2188,N360NB,ATL,10:20,10:13,105,99,-7,10:21,8,0,0,0,0,0
DL,7/1/2021,2485,N355NB,ATL,16:19,16:15,114,101,-4,16:30,15,0,0,0,0,0
DL,7/1/2021,2500,N323NB,ATL,6:00,5:57,109,120,-3,6:20,23,0,0,0,0,0
DL,7/2/2021,2188,N317NB,ATL,10:20,10:12,105,100,-8,10:23,11,0,0,0,0,0
DL,7/2/2021,2485,N346NB,ATL,16:19,16:17,114,111,-2,16:36,19,0,0,0,0,0
DL,7/2/2021,2500,N355NB,ATL,6:00,5:58,109,107,-2,6:09,11,0,0,0,0,0
DL,7/3/2021,2188,N345NB,ATL,10:20,10:14,105,100,-6,10:28,14,0,0,0,0,0
DL,7/3/2021,2485,N354NB,ATL,16:19,16:13,114,111,-6,16:32,19,0,0,0,0,0
DL,7/3/2021,2500,N360NB,ATL,6:00,5:56,109,100,-4,6:06,10,0,0,0,0,0
DL,7/4/2021,2188,N351NB,ATL,10:20,11:49,105,95,89,11:58,9,0,0,0,0,79
DL,7/4/2021,2485,N346NB,ATL,16:19,16:22,114,101,3,16:35,13,0,0,0,0,0
DL,7/4/2021,2500,N354NB,ATL,6:00,5:58,109,96,-2,6:07,9,0,0,0,0,0
DL,7/5/2021,2188,N345NB,ATL,10:20,10:20,105,101,0,10:37,17,0,0,0,0,0
DL,7/5/2021,2485,N345NB,ATL,16:19,16:15,114,96,-4,16:24,9,0,0,0,0,0
DL,7/5/2021,2500,N354NB,ATL,6:00,6:00,109,106,0,6:15,15,0,0,0,0,0
DL,7/6/2021,2188,N359NB,ATL,10:20,10:08,105,110,-12,10:23,15,0,0,0,0,0
DL,7/6/2021,2485,N341NB,ATL,16:19,16:19,114,101,0,16:30,11,0,0,0,0,0
DL,7/6/2021,2500,N322NB,ATL,6:00,5:55,109,100,-5,6:06,11,0,0,0,0,0
DL,7/7/2021,2485,N340NB,ATL,16:35,16:29,114,103,-6,16:39,10,0,0,0,0,0
DL,7/7/2021,2500,N323NB,ATL,6:00,5:59,109,109,-1,6:09,10,0,0,0,0,0
DL,7/7/2021,2825,N345NB,ATL,10:25,10:27,105,111,2,10:50,23,0,0,0,0,0
DL,7/8/2021,2485,N346NB,ATL,16:35,16:31,114,117,-4,16:40,9,0,0,0,0,0
DL,7/8/2021,2500,N340NB,ATL,6:00,5:53,109,112,-7,6:05,12,0,0,0,0,0
DL,7/8/2021,2825,N365NB,ATL,10:25,10:57,105,107,32,11:14,17,32,0,2,0,0
DL,7/9/2021,2485,N346NB,ATL,16:35,17:05,114,150,30,17:21,16,30,0,36,0,0
DL,7/9/2021,2500,N322NB,ATL,6:00,5:59,109,113,-1,6:18,19,0,0,0,0,0
DL,7/9/2021,2825,N346NB,ATL,10:25,10:43,105,138,18,10:52,9,0,0,33,0,18
DL,7/10/2021,2485,N354NB,ATL,16:35,16:30,114,113,-5,16:43,13,0,0,0,0,0
DL,7/10/2021,2500,N360NB,ATL,6:00,5:59,109,106,-1,6:09,10,0,0,0,0,0
DL,7/10/2021,2825,N359NB,ATL,10:25,10:24,105,104,-1,10:35,11,0,0,0,0,0
DL,7/11/2021,2485,N363NB,ATL,16:35,16:36,114,112,1,16:48,12,0,0,0,0,0
DL,7/11/2021,2500,N354NB,ATL,6:00,5:58,109,126,-2,6:09,11,0,0,15,0,0
DL,7/11/2021,2825,N345NB,ATL,10:25,10:39,105,112,14,10:50,11,14,0,7,0,0
DL,7/12/2021,2485,N346NB,ATL,16:35,16:32,114,106,-3,16:46,14,0,0,0,0,0
DL,7/12/2021,2500,N365NB,ATL,6:00,5:54,109,119,-6,6:09,15,0,0,0,0,0
DL,7/12/2021,2825,N363NB,ATL,10:25,10:23,105,107,-2,10:36,13,0,0,0,0,0
DL,7/13/2021,2485,N322NB,ATL,16:35,16:36,114,102,1,16:45,9,0,0,0,0,0
DL,7/13/2021,2500,N359NB,ATL,6:00,5:55,109,127,-5,6:23,28,0,0,0,0,0
DL,7/13/2021,2825,N360NB,ATL,10:25,10:22,105,95,-3,10:30,8,0,0,0,0,0
DL,7/14/2021,2485,N345NB,ATL,16:35,16:41,114,100,6,16:51,10,0,0,0,0,0
DL,7/14/2021,2500,N351NB,ATL,6:00,5:52,109,98,-8,6:02,10,0,0,0,0,0
DL,7/14/2021,2825,N365NB,ATL,10:25,10:19,105,97,-6,10:28,9,0,0,0,0,0
DL,7/15/2021,2485,N351NB,ATL,16:35,16:33,114,102,-2,16:41,8,0,0,0,0,0
DL,7/15/2021,2500,N360NB,ATL,6:00,5:57,109,110,-3,6:14,17,0,0,0,0,0
DL,7/15/2021,2825,N354NB,ATL,10:25,10:24,105,98,-1,10:34,10,0,0,0,0,0
DL,7/16/2021,2485,N351NB,ATL,16:35,16:32,114,132,-3,16:41,9,0,0,15,0,0
DL,7/16/2021,2500,N347NB,ATL,6:00,5:59,109,103,-1,6:13,14,0,0,0,0,0
DL,7/16/2021,2825,N365NB,ATL,10:25,10:22,105,110,-3,10:38,16,0,0,0,0,0
DL,7/17/2021,2485,N336NB,ATL,16:35,16:28,114,94,-7,16:37,9,0,0,0,0,0
DL,7/17/2021,2500,N333NB,ATL,6:00,5:55,109,101,-5,6:04,9,0,0,0,0,0
DL,7/17/2021,2825,N370NB,ATL,10:25,10:25,105,104,0,10:35,10,0,0,0,0,0
DL,7/18/2021,2485,N365NB,ATL,16:35,16:31,114,117,-4,16:45,14,0,0,0,0,0
DL,7/18/2021,2500,N345NB,ATL,6:00,5:58,109,102,-2,6:09,11,0,0,0,0,0
DL,7/18/2021,2825,N360NB,ATL,10:25,10:20,105,91,-5,10:29,9,0,0,0,0,0
DL,7/19/2021,2485,N345NB,ATL,16:35,16:29,114,132,-6,16:46,17,0,0,0,0,0
DL,7/19/2021,2500,N348NB,ATL,6:00,5:52,109,112,-8,6:03,11,0,0,0,0,0
DL,7/19/2021,2825,N346NB,ATL,10:25,10:14,105,103,-11,10:24,10,0,0,0,0,0
DL,7/20/2021,2485,N370NB,ATL,16:35,16:58,114,118,23,17:10,12,11,0,4,0,12
DL,7/20/2021,2500,N359NB,ATL,6:00,5:58,109,109,-2,6:11,13,0,0,0,0,0
DL,7/20/2021,2825,N331NB,ATL,10:25,10:39,105,97,14,10:49,10,0,0,0,0,0
DL,7/21/2021,2485,N365NB,ATL,16:35,16:31,114,106,-4,16:44,13,0,0,0,0,0
DL,7/21/2021,2500,N339NB,ATL,6:00,13:23,109,112,443,13:32,9,443,0,3,0,0
DL,7/21/2021,2825,N359NB,ATL,10:25,10:22,105,98,-3,10:33,11,0,0,0,0,0
DL,7/22/2021,2485,N347NB,ATL,16:35,16:56,114,106,21,17:10,14,0,0,0,0,0
DL,7/22/2021,2500,N316NB,ATL,6:00,5:56,109,96,-4,6:05,9,0,0,0,0,0
DL,7/22/2021,2825,N339NB,ATL,10:25,10:19,105,97,-6,10:28,9,0,0,0,0,0
DL,7/23/2021,2485,N336NB,ATL,16:35,16:28,114,113,-7,16:43,15,0,0,0,0,0
DL,7/23/2021,2500,N347NB,ATL,6:00,5:58,109,103,-2,6:09,11,0,0,0,0,0
DL,7/23/2021,2825,N360NB,ATL,10:25,10:21,105,96,-4,10:29,8,0,0,0,0,0
DL,7/24/2021,2485,N360NB,ATL,16:35,19:25,114,129,170,19:51,26,118,0,15,0,52
DL,7/24/2021,2500,N321NB,ATL,6:00,5:54,109,101,-6,6:03,9,0,0,0,0,0
DL,7/24/2021,2825,N336NB,ATL,10:25,10:20,105,102,-5,10:31,11,0,0,0,0,0
DL,7/25/2021,2485,N321NB,ATL,16:35,16:29,114,125,-6,16:43,14,0,0,0,0,0
DL,7/25/2021,2500,N331NB,ATL,6:00,6:03,109,107,3,6:14,11,0,0,0,0,0
DL,7/25/2021,2825,N360NB,ATL,10:25,10:19,105,104,-6,10:27,8,0,0,0,0,0
DL,7/26/2021,2485,N321NB,ATL,16:35,16:29,114,163,-6,16:55,26,0,0,43,0,0
DL,7/26/2021,2500,N351NB,ATL,6:00,6:00,109,105,0,6:09,9,0,0,0,0,0
DL,7/26/2021,2825,N333NB,ATL,10:25,10:16,105,98,-9,10:23,7,0,0,0,0,0
DL,7/27/2021,2485,N335NB,ATL,16:35,16:27,114,149,-8,16:38,11,0,0,27,0,0
DL,7/27/2021,2500,N333NB,ATL,6:00,5:58,109,106,-2,6:10,12,0,0,0,0,0
DL,7/27/2021,2825,N366NB,ATL,10:25,10:22,105,102,-3,10:32,10,0,0,0,0,0
DL,7/28/2021,2485,N345NB,ATL,16:35,16:34,114,108,-1,16:50,16,0,0,0,0,0
DL,7/28/2021,2500,N337NB,ATL,6:00,5:55,109,135,-5,6:31,36,0,0,21,0,0
DL,7/28/2021,2825,N346NB,ATL,10:25,10:23,105,101,-2,10:36,13,0,0,0,0,0
DL,7/29/2021,2485,N351NB,ATL,16:35,16:33,114,96,-2,16:44,11,0,0,0,0,0
DL,7/29/2021,2500,N351NB,ATL,6:00,6:04,109,95,4,6:13,9,0,0,0,0,0
DL,7/29/2021,2825,N320NB,ATL,10:25,10:21,105,94,-4,10:29,8,0,0,0,0,0
DL,7/30/2021,2485,N357NB,ATL,16:35,16:31,114,107,-4,16:41,10,0,0,0,0,0
DL,7/30/2021,2500,N365NB,ATL,6:00,6:00,109,114,0,6:13,13,0,0,0,0,0
DL,7/30/2021,2825,N335NB,ATL,10:25,10:20,105,94,-5,10:29,9,0,0,0,0,0
DL,7/31/2021,2485,N316NB,ATL,16:35,16:24,114,106,-11,16:34,10,0,0,0,0,0
DL,7/31/2021,2500,N357NB,ATL,6:00,5:52,109,104,-8,6:04,12,0,0,0,0,0
DL,7/31/2021,2825,N360NB,ATL,10:25,10:19,105,95,-6,10:26,7,0,0,0,0,0
DL,8/1/2021,2485,N360NB,ATL,16:35,16:32,114,100,-3,16:45,13,0,0,0,0,0
DL,8/1/2021,2500,N341NB,ATL,6:00,5:57,109,104,-3,6:07,10,0,0,0,0,0
DL,8/1/2021,2825,N355NB,ATL,10:25,10:20,105,100,-5,10:30,10,0,0,0,0,0
DL,8/2/2021,2485,N355NB,ATL,16:35,16:32,114,107,-3,16:49,17,0,0,0,0,0
DL,8/2/2021,2500,N360NB,ATL,6:00,5:55,109,106,-5,6:05,10,0,0,0,0,0
DL,8/2/2021,2825,N341NB,ATL,10:25,10:22,105,95,-3,10:30,8,0,0,0,0,0
DL,8/3/2021,2485,N355NB,ATL,16:35,16:30,114,118,-5,16:39,9,0,0,0,0,0
DL,8/3/2021,2500,N337NB,ATL,6:00,5:56,109,111,-4,6:15,19,0,0,0,0,0
DL,8/3/2021,2825,N316NB,ATL,10:25,10:21,105,101,-4,10:30,9,0,0,0,0,0
DL,8/4/2021,2188,N355NB,ATL,10:25,10:44,105,94,19,10:56,12,0,0,0,0,0
DL,8/4/2021,2485,N337NB,ATL,16:35,16:30,114,94,-5,16:41,11,0,0,0,0,0
DL,8/4/2021,2500,N360NB,ATL,6:00,5:57,109,103,-3,6:08,11,0,0,0,0,0
DL,8/5/2021,2485,N316NB,ATL,16:35,16:28,113,96,-7,16:37,9,0,0,0,0,0
DL,8/5/2021,2500,N360NB,ATL,6:00,6:12,108,103,12,6:27,15,0,0,0,0,0
DL,8/5/2021,2825,N352NB,ATL,10:20,10:10,104,105,-10,10:24,14,0,0,0,0,0
DL,8/6/2021,2485,N343NB,ATL,16:35,16:30,113,114,-5,16:45,15,0,0,0,0,0
DL,8/6/2021,2500,N316NB,ATL,6:00,5:54,108,108,-6,6:03,9,0,0,0,0,0
DL,8/6/2021,2825,N352NB,ATL,10:20,10:14,104,104,-6,10:22,8,0,0,0,0,0
DL,8/7/2021,2485,N352NB,ATL,16:35,16:36,113,114,1,17:02,26,0,0,0,0,0
DL,8/7/2021,2500,N354NB,ATL,6:00,5:56,108,96,-4,6:05,9,0,0,0,0,0
DL,8/7/2021,2825,N342NB,ATL,10:20,10:09,104,103,-11,10:21,12,0,0,0,0,0
DL,8/8/2021,2485,N352NB,ATL,16:35,16:32,113,102,-3,16:45,13,0,0,0,0,0
DL,8/8/2021,2500,N346NB,ATL,6:00,6:00,108,106,0,6:13,13,0,0,0,0,0
DL,8/8/2021,2825,N342NB,ATL,10:20,10:19,104,99,-1,10:29,10,0,0,0,0,0
DL,8/9/2021,2485,N352NB,ATL,16:35,16:47,113,104,12,16:57,10,0,0,0,0,0
DL,8/9/2021,2500,N332NB,ATL,6:00,5:54,108,101,-6,6:03,9,0,0,0,0,0
DL,8/9/2021,2825,N341NB,ATL,10:20,10:30,104,120,10,10:44,14,0,10,16,0,0
DL,8/10/2021,2485,N352NB,ATL,18:47,18:42,113,117,-5,19:07,25,0,0,0,0,0
DL,8/10/2021,2500,N363NB,ATL,6:00,5:55,108,101,-5,6:05,10,0,0,0,0,0
DL,8/10/2021,2825,N352NB,ATL,10:20,10:18,104,104,-2,10:31,13,0,0,0,0,0
DL,8/11/2021,2485,N341NB,ATL,18:47,20:14,113,99,87,20:27,13,73,0,0,0,0
DL,8/11/2021,2500,N316NB,ATL,6:00,5:55,108,99,-5,6:04,9,0,0,0,0,0
DL,8/11/2021,2825,N352NB,ATL,10:20,10:08,104,105,-12,10:21,13,0,0,0,0,0
DL,8/12/2021,2485,N316NB,ATL,16:35,16:29,113,118,-6,16:39,10,0,0,0,0,0
DL,8/12/2021,2500,N341NB,ATL,6:00,6:04,108,136,4,6:17,13,0,0,32,0,0
DL,8/12/2021,2825,N354NB,ATL,10:20,10:28,104,130,8,11:04,36,4,0,26,0,4
DL,8/13/2021,2485,N346NB,ATL,16:35,16:36,113,111,1,16:50,14,0,0,0,0,0
DL,8/13/2021,2500,N341NB,ATL,6:00,5:56,108,111,-4,6:05,9,0,0,0,0,0
DL,8/13/2021,2825,N316NB,ATL,10:20,10:05,104,105,-15,10:19,14,0,0,0,0,0
DL,8/14/2021,2485,N316NB,ATL,16:35,16:33,113,103,-2,16:44,11,0,0,0,0,0
DL,8/14/2021,2500,N345NB,ATL,6:00,5:59,108,101,-1,6:09,10,0,0,0,0,0
DL,8/14/2021,2825,N346NB,ATL,10:20,10:15,104,98,-5,10:24,9,0,0,0,0,0
DL,8/15/2021,2485,N366NB,ATL,16:35,16:25,113,108,-10,16:34,9,0,0,0,0,0
DL,8/15/2021,2500,N341NB,ATL,6:00,5:56,108,104,-4,6:07,11,0,0,0,0,0
DL,8/15/2021,2825,N363NB,ATL,10:20,10:17,104,102,-3,10:27,10,0,0,0,0,0
DL,8/16/2021,2485,N363NB,ATL,16:35,16:28,113,107,-7,16:39,11,0,0,0,0,0
DL,8/16/2021,2500,N352NB,ATL,6:00,5:56,108,111,-4,6:05,9,0,0,0,0,0
DL,8/16/2021,2825,N337NB,ATL,10:20,10:13,104,106,-7,10:26,13,0,0,0,0,0
DL,8/17/2021,2485,N332NB,ATL,18:47,18:42,113,110,-5,19:01,19,0,0,0,0,0
DL,8/17/2021,2500,N341NB,ATL,6:00,5:52,108,104,-8,6:01,9,0,0,0,0,0
DL,8/17/2021,2825,N317NB,ATL,10:20,10:10,104,115,-10,10:26,16,0,0,0,0,0
DL,8/18/2021,2485,N343NB,ATL,18:47,18:43,113,121,-4,18:57,14,0,0,0,0,0
DL,8/18/2021,2500,N337NB,ATL,6:00,5:53,108,104,-7,6:03,10,0,0,0,0,0
DL,8/18/2021,2825,N346NB,ATL,10:20,10:13,104,104,-7,10:23,10,0,0,0,0,0
DL,8/19/2021,2485,N341NB,ATL,16:35,16:26,113,110,-9,16:47,21,0,0,0,0,0
DL,8/19/2021,2500,N366NB,ATL,6:00,6:19,108,105,19,6:30,11,16,0,0,0,0
DL,8/19/2021,2825,N341NB,ATL,10:20,10:15,104,99,-5,10:24,9,0,0,0,0,0
DL,8/20/2021,2485,N354NB,ATL,16:35,16:29,113,103,-6,16:46,17,0,0,0,0,0
DL,8/20/2021,2500,N321NB,ATL,6:00,6:00,108,105,0,6:14,14,0,0,0,0,0
DL,8/20/2021,2825,N354NB,ATL,10:20,10:20,104,96,0,10:31,11,0,0,0,0,0
DL,8/21/2021,2485,N354NB,ATL,16:35,16:27,113,111,-8,16:45,18,0,0,0,0,0
DL,8/21/2021,2500,N363NB,ATL,6:00,5:54,108,104,-6,6:03,9,0,0,0,0,0
DL,8/21/2021,2825,N326NB,ATL,10:20,10:20,104,104,0,10:35,15,0,0,0,0,0
DL,8/22/2021,2485,N326NB,ATL,16:35,16:33,113,100,-2,16:47,14,0,0,0,0,0
DL,8/22/2021,2500,N344NB,ATL,6:00,6:28,108,109,28,6:48,20,28,0,1,0,0
DL,8/22/2021,2825,N346NB,ATL,10:20,10:17,104,100,-3,10:25,8,0,0,0,0,0
DL,8/23/2021,2485,N344NB,ATL,16:35,16:28,113,103,-7,16:41,13,0,0,0,0,0
DL,8/23/2021,2500,N345NB,ATL,6:00,5:52,108,103,-8,6:02,10,0,0,0,0,0
DL,8/23/2021,2825,N332NB,ATL,10:20,10:18,104,96,-2,10:27,9,0,0,0,0,0
DL,8/24/2021,2485,N332NB,ATL,18:47,18:41,113,115,-6,19:07,26,0,0,0,0,0
DL,8/24/2021,2500,N369NB,ATL,6:00,5:50,108,97,-10,6:00,10,0,0,0,0,0
DL,8/24/2021,2825,N359NB,ATL,10:20,10:16,104,97,-4,10:24,8,0,0,0,0,0
DL,8/25/2021,2485,N346NB,ATL,18:47,18:47,113,229,0,20:42,115,0,0,116,0,0
DL,8/25/2021,2500,N369NB,ATL,6:00,5:56,108,103,-4,6:04,8,0,0,0,0,0
DL,8/25/2021,2825,N371NB,ATL,10:20,10:13,104,97,-7,10:21,8,0,0,0,0,0
DL,8/26/2021,2485,N346NB,ATL,16:35,16:31,113,109,-4,16:43,12,0,0,0,0,0
DL,8/26/2021,2500,N320NB,ATL,6:00,5:52,108,103,-8,6:02,10,0,0,0,0,0
DL,8/26/2021,2825,N369NB,ATL,10:20,10:11,104,101,-9,10:23,12,0,0,0,0,0
DL,8/27/2021,2485,N341NB,ATL,16:35,17:04,113,139,29,17:19,15,29,0,26,0,0
DL,8/27/2021,2500,N354NB,ATL,6:00,5:57,108,109,-3,6:15,18,0,0,0,0,0
DL,8/27/2021,2825,N369NB,ATL,10:20,10:19,104,111,-1,10:33,14,0,0,0,0,0
DL,8/28/2021,2485,N354NB,ATL,16:35,16:33,113,111,-2,16:48,15,0,0,0,0,0
DL,8/28/2021,2500,N319NB,ATL,6:00,5:52,108,112,-8,6:09,17,0,0,0,0,0
DL,8/28/2021,2825,N341NB,ATL,10:20,10:15,104,98,-5,10:23,8,0,0,0,0,0
DL,8/29/2021,2485,N338NB,ATL,16:35,16:32,113,104,-3,16:46,14,0,0,0,0,0
DL,8/29/2021,2500,N339NB,ATL,6:00,15:03,108,102,543,15:15,12,537,0,0,0,0
DL,8/29/2021,2825,N341NB,ATL,10:20,10:36,104,94,16,10:46,10,0,0,0,0,0
DL,8/30/2021,2485,N352NB,ATL,16:35,16:32,113,120,-3,16:40,8,0,0,0,0,0
DL,8/30/2021,2500,N326NB,ATL,6:00,5:57,108,108,-3,6:08,11,0,0,0,0,0
DL,8/30/2021,2825,N332NB,ATL,10:20,10:11,104,107,-9,10:28,17,0,0,0,0,0
DL,8/31/2021,2485,N332NB,ATL,18:47,18:48,113,109,1,19:00,12,0,0,0,0,0
DL,8/31/2021,2500,N371NB,ATL,6:00,5:53,108,102,-7,6:04,11,0,0,0,0,0
DL,8/31/2021,2825,N359NB,ATL,10:20,10:11,104,102,-9,10:20,9,0,0,0,0,0
DL,9/1/2021,2485,N317NB,ATL,18:47,18:44,113,98,-3,18:55,11,0,0,0,0,0
DL,9/1/2021,2500,N318NB,ATL,6:00,5:53,108,107,-7,6:05,12,0,0,0,0,0
DL,9/1/2021,2825,N317NB,ATL,10:20,10:12,104,99,-8,10:22,10,0,0,0,0,0
DL,9/2/2021,2485,N355NB,ATL,16:35,16:32,113,98,-3,16:41,9,0,0,0,0,0
DL,9/2/2021,2500,N346NB,ATL,6:00,5:57,108,92,-3,6:07,10,0,0,0,0,0
DL,9/2/2021,2825,N333NB,ATL,10:20,10:16,104,103,-4,10:29,13,0,0,0,0,0
DL,9/3/2021,2485,N355NB,ATL,16:35,16:34,113,98,-1,16:45,11,0,0,0,0,0
DL,9/3/2021,2500,N317NB,ATL,6:00,5:56,108,99,-4,6:08,12,0,0,0,0,0
DL,9/3/2021,2825,N333NB,ATL,10:20,10:24,104,95,4,10:34,10,0,0,0,0,0
DL,9/4/2021,2485,N366NB,ATL,16:35,16:33,113,102,-2,16:47,14,0,0,0,0,0
DL,9/4/2021,2500,N339NB,ATL,6:00,5:54,108,97,-6,6:04,10,0,0,0,0,0
DL,9/4/2021,2825,N371NB,ATL,10:20,10:15,104,100,-5,10:23,8,0,0,0,0,0
DL,9/5/2021,2485,N363NB,ATL,16:36,16:32,106,96,-4,16:41,9,0,0,0,0,0
DL,9/5/2021,2500,N359NB,ATL,6:01,5:54,104,110,-7,6:02,8,0,0,0,0,0
DL,9/5/2021,2825,N363NB,ATL,10:21,10:12,101,100,-9,10:26,14,0,0,0,0,0
DL,9/6/2021,2500,N332NB,ATL,6:01,5:59,104,106,-2,6:07,8,0,0,0,0,0
DL,9/6/2021,2825,N352NB,ATL,10:21,10:33,101,96,12,10:42,9,0,0,0,0,0
DL,9/7/2021,2485,N319NB,ATL,18:48,18:52,113,121,4,19:05,13,0,0,0,0,0
DL,9/7/2021,2500,N346NB,ATL,6:01,5:54,104,104,-7,6:05,11,0,0,0,0,0
DL,9/7/2021,2825,N332NB,ATL,10:21,10:19,101,122,-2,10:49,30,0,0,19,0,0
DL,9/8/2021,2485,N322NB,ATL,18:48,18:53,113,105,5,19:06,13,0,0,0,0,0
DL,9/8/2021,2500,N346NB,ATL,6:01,5:57,104,105,-4,6:05,8,0,0,0,0,0
DL,9/8/2021,2825,N322NB,ATL,10:21,10:14,101,99,-7,10:24,10,0,0,0,0,0
DL,9/9/2021,2485,N322NB,ATL,16:36,16:31,106,95,-5,16:41,10,0,0,0,0,0
DL,9/9/2021,2500,N339NB,ATL,6:01,5:54,104,102,-7,6:04,10,0,0,0,0,0
DL,9/9/2021,2825,N353NB,ATL,10:21,10:16,101,92,-5,10:25,9,0,0,0,0,0
DL,9/10/2021,2485,N333NB,ATL,16:36,16:38,106,92,2,16:46,8,0,0,0,0,0
DL,9/10/2021,2500,N336NB,ATL,6:01,5:57,104,107,-4,6:16,19,0,0,0,0,0
DL,9/10/2021,2825,N353NB,ATL,10:21,10:06,101,88,-15,10:14,8,0,0,0,0,0
DL,9/11/2021,2485,N320NB,ATL,16:36,16:28,106,94,-8,16:38,10,0,0,0,0,0
DL,9/11/2021,2500,N346NB,ATL,6:01,6:00,104,103,-1,6:13,13,0,0,0,0,0
DL,9/11/2021,2825,N322NB,ATL,10:21,10:42,101,92,21,10:50,8,0,0,0,0,0
DL,9/12/2021,2485,N320NB,ATL,16:36,16:29,106,99,-7,16:40,11,0,0,0,0,0
DL,9/12/2021,2500,N346NB,ATL,6:01,5:55,104,97,-6,6:03,8,0,0,0,0,0
DL,9/12/2021,2825,N322NB,ATL,10:21,10:17,101,96,-4,10:26,9,0,0,0,0,0
DL,9/13/2021,2485,N346NB,ATL,16:33,16:27,106,102,-6,16:40,13,0,0,0,0,0
DL,9/13/2021,2500,N321NB,ATL,6:01,5:55,104,103,-6,6:07,12,0,0,0,0,0
DL,9/13/2021,2825,N322NB,ATL,10:16,10:14,101,95,-2,10:23,9,0,0,0,0,0
DL,9/14/2021,2500,N339NB,ATL,6:01,5:58,104,99,-3,6:07,9,0,0,0,0,0
DL,9/14/2021,2825,N321NB,ATL,10:16,10:09,101,104,-7,10:19,10,0,0,0,0,0
DL,9/15/2021,2500,N343NB,ATL,6:01,8:41,104,108,160,8:52,11,0,0,4,0,160
DL,9/15/2021,2825,N332NB,ATL,10:16,10:09,101,106,-7,10:18,9,0,0,0,0,0
DL,9/16/2021,2485,N338NB,ATL,16:33,16:26,106,115,-7,16:42,16,0,0,0,0,0
DL,9/16/2021,2500,N339NB,ATL,6:01,5:57,104,103,-4,6:08,11,0,0,0,0,0
DL,9/16/2021,2825,N332NB,ATL,10:16,10:16,101,104,0,10:31,15,0,0,0,0,0
DL,9/17/2021,2485,N321NB,ATL,16:33,16:32,106,107,-1,16:50,18,0,0,0,0,0
DL,9/17/2021,2500,N332NB,ATL,6:01,5:55,104,107,-6,6:05,10,0,0,0,0,0
DL,9/17/2021,2825,N338NB,ATL,10:16,10:05,101,113,-11,10:24,19,0,0,0,0,0
DL,9/18/2021,2485,N321NB,ATL,16:33,17:09,106,109,36,17:25,16,36,0,3,0,0
DL,9/18/2021,2500,N339NB,ATL,6:01,5:55,104,105,-6,6:08,13,0,0,0,0,0
DL,9/18/2021,2825,N338NB,ATL,10:16,10:48,101,102,32,10:58,10,17,0,1,0,15
DL,9/19/2021,2485,N326NB,ATL,16:33,16:55,106,115,22,17:07,12,0,0,9,0,22
DL,9/19/2021,2500,N321NB,ATL,6:01,7:12,104,110,71,7:25,13,71,0,6,0,0
DL,9/19/2021,2825,N338NB,ATL,10:16,10:06,101,114,-10,10:25,19,0,0,0,0,0
DL,9/20/2021,2485,N339NB,ATL,16:33,16:27,106,131,-6,16:53,26,0,0,19,0,0
DL,9/20/2021,2500,N338NB,ATL,6:01,6:01,104,111,0,6:15,14,0,0,0,0,0
DL,9/20/2021,2825,N322NB,ATL,10:16,10:11,101,105,-5,10:23,12,0,0,0,0,0
DL,9/21/2021,2500,N326NB,ATL,6:01,8:55,104,112,174,9:14,19,0,0,8,0,174
DL,9/21/2021,2825,N339NB,ATL,10:16,10:10,101,103,-6,10:20,10,0,0,0,0,0
DL,9/22/2021,2500,N351NB,ATL,6:01,5:57,104,113,-4,6:09,12,0,0,0,0,0
DL,9/22/2021,2825,N339NB,ATL,10:16,10:12,101,112,-4,10:23,11,0,0,0,0,0
DL,9/23/2021,2485,N351NB,ATL,16:33,16:31,106,93,-2,16:41,10,0,0,0,0,0
DL,9/23/2021,2500,N322NB,ATL,6:01,6:49,104,94,48,7:00,11,38,0,0,0,0
DL,9/23/2021,2825,N339NB,ATL,10:16,10:17,101,96,1,10:27,10,0,0,0,0,0
DL,9/24/2021,2485,N322NB,ATL,16:33,16:32,106,99,-1,16:41,9,0,0,0,0,0
DL,9/24/2021,2500,N357NB,ATL,6:01,5:58,104,99,-3,6:06,8,0,0,0,0,0
DL,9/24/2021,2825,N322NB,ATL,10:16,10:12,101,96,-4,10:21,9,0,0,0,0,0
DL,9/25/2021,2485,N345NB,ATL,16:33,16:44,106,91,11,16:54,10,0,0,0,0,0
DL,9/25/2021,2500,N364NW,ATL,6:01,6:00,104,101,-1,6:11,11,0,0,0,0,0
DL,9/25/2021,2825,N326NB,ATL,10:16,10:11,101,94,-5,10:18,7,0,0,0,0,0
DL,9/26/2021,2485,N352NB,ATL,16:33,16:23,106,103,-10,16:40,17,0,0,0,0,0
DL,9/26/2021,2500,N322NB,ATL,6:01,5:59,104,103,-2,6:12,13,0,0,0,0,0
DL,9/26/2021,2825,N351NB,ATL,10:16,10:15,101,96,-1,10:25,10,0,0,0,0,0
DL,9/27/2021,2485,N330NB,ATL,16:33,16:30,106,94,-3,16:39,9,0,0,0,0,0
DL,9/27/2021,2500,N357NB,ATL,6:01,5:57,104,94,-4,6:07,10,0,0,0,0,0
DL,9/27/2021,2825,N322NB,ATL,10:16,10:04,101,99,-12,10:15,11,0,0,0,0,0
DL,9/28/2021,2500,N339NB,ATL,6:01,5:55,104,98,-6,6:05,10,0,0,0,0,0
DL,9/28/2021,2825,N330NB,ATL,10:16,10:22,101,95,6,10:33,11,0,0,0,0,0
DL,9/29/2021,2500,N339NB,ATL,6:01,5:57,104,100,-4,6:07,10,0,0,0,0,0
DL,9/29/2021,2825,N322NB,ATL,10:16,10:18,101,99,2,10:27,9,0,0,0,0,0
DL,9/30/2021,2485,N319NB,ATL,16:33,16:32,106,100,-1,16:44,12,0,0,0,0,0
DL,9/30/2021,2500,N348NB,ATL,6:01,5:56,104,101,-5,6:07,11,0,0,0,0,0
DL,9/30/2021,2825,N322NB,ATL,10:16,10:16,101,101,0,10:30,14,0,0,0,0,0
DL,10/1/2021,2485,N330NB,ATL,16:33,16:33,106,97,0,16:43,10,0,0,0,0,0
DL,10/1/2021,2500,N322NB,ATL,6:01,5:57,104,92,-4,6:06,9,0,0,0,0,0
DL,10/1/2021,2825,N319NB,ATL,10:16,10:07,101,107,-9,10:26,19,0,0,0,0,0
DL,10/2/2021,2485,N341NB,ATL,16:33,16:29,106,99,-4,16:38,9,0,0,0,0,0
DL,10/2/2021,2500,N322NB,ATL,6:01,5:57,104,104,-4,6:05,8,0,0,0,0,0
DL,10/2/2021,2825,N348NB,ATL,10:16,10:12,101,100,-4,10:21,9,0,0,0,0,0
DL,10/3/2021,2485,N318NB,ATL,16:33,16:34,106,125,1,16:55,21,0,0,20,0,0
DL,10/3/2021,2500,N341NB,ATL,6:01,5:56,104,111,-5,6:14,18,0,0,0,0,0
DL,10/3/2021,2825,N330NB,ATL,10:16,10:07,101,116,-9,10:18,11,0,0,0,0,0
DL,10/4/2021,2485,N339NB,ATL,16:33,16:35,106,111,2,16:52,17,0,0,0,0,0
DL,10/4/2021,2500,N318NB,ATL,6:01,5:53,104,111,-8,6:05,12,0,0,0,0,0
DL,10/4/2021,2825,N330NB,ATL,10:16,10:13,101,102,-3,10:24,11,0,0,0,0,0
DL,10/5/2021,2500,N341NB,ATL,6:01,5:54,104,108,-7,6:05,11,0,0,0,0,0
DL,10/5/2021,2825,N341NW,ATL,10:16,12:53,101,105,157,13:06,13,0,0,4,0,157
DL,10/6/2021,2500,N322NB,ATL,6:01,5:56,104,119,-5,6:07,11,0,0,0,0,0
DL,10/6/2021,2825,N339NB,ATL,10:16,10:15,101,104,-1,10:23,8,0,0,0,0,0
DL,10/7/2021,2485,N315NB,ATL,16:33,16:40,106,113,7,17:00,20,0,0,0,0,0
DL,10/7/2021,2500,N339NB,ATL,6:01,5:56,104,107,-5,6:06,10,0,0,0,0,0
DL,10/7/2021,2825,N317NB,ATL,10:16,10:11,101,111,-5,10:32,21,0,0,0,0,0
DL,10/8/2021,2485,N317NB,ATL,16:33,16:53,106,99,20,17:06,13,0,0,0,0,0
DL,10/8/2021,2500,N339NB,ATL,6:01,5:56,104,106,-5,6:08,12,0,0,0,0,0
DL,10/8/2021,2825,N315NB,ATL,10:16,10:13,101,101,-3,10:25,12,0,0,0,0,0
DL,10/9/2021,2485,N339NB,ATL,16:33,16:53,106,106,20,17:16,23,20,0,0,0,0
DL,10/9/2021,2500,N322NB,ATL,6:01,5:56,104,105,-5,6:07,11,0,0,0,0,0
DL,10/9/2021,2825,N317NB,ATL,10:16,10:17,101,89,1,10:27,10,0,0,0,0,0
DL,10/10/2021,2485,N339NB,ATL,16:33,17:25,106,105,52,17:39,14,0,0,7,0,44
DL,10/10/2021,2500,N341NB,ATL,6:01,5:56,104,94,-5,6:04,8,0,0,0,0,0
DL,10/10/2021,2825,N347NB,ATL,10:16,10:11,101,98,-5,10:20,9,0,0,0,0,0
DL,10/11/2021,2483,N333NB,ATL,10:22,10:15,102,109,-7,10:25,10,0,0,0,0,0
DL,10/11/2021,2500,N339NB,ATL,6:00,5:58,106,107,-2,6:09,11,0,0,0,0,0
DL,10/11/2021,2537,N337NB,ATL,16:31,16:25,104,133,-6,17:03,38,0,0,23,0,0
DL,10/12/2021,2483,N333NB,ATL,10:22,10:14,102,103,-8,10:31,17,0,0,0,0,0
DL,10/12/2021,2500,N337NB,ATL,6:00,5:59,106,106,-1,6:13,14,0,0,0,0,0
DL,10/13/2021,2483,N333NB,ATL,10:22,10:19,102,93,-3,10:29,10,0,0,0,0,0
DL,10/13/2021,2500,N337NB,ATL,6:00,5:52,106,103,-8,6:04,12,0,0,0,0,0
DL,10/14/2021,2483,N337NB,ATL,10:22,10:15,102,107,-7,10:31,16,0,0,0,0,0
DL,10/14/2021,2500,N333NB,ATL,6:00,5:56,106,104,-4,6:08,12,0,0,0,0,0
DL,10/14/2021,2537,N321NB,ATL,16:31,17:08,104,110,37,17:27,19,37,0,6,0,0
DL,10/15/2021,2483,N333NB,ATL,10:22,10:20,102,103,-2,10:30,10,0,0,0,0,0
DL,10/15/2021,2500,N337NB,ATL,6:00,5:55,106,115,-5,6:11,16,0,0,0,0,0
DL,10/15/2021,2537,N364NB,ATL,16:31,16:39,104,104,8,16:49,10,0,0,0,0,0
DL,10/16/2021,2483,N339NB,ATL,10:22,10:23,102,100,1,10:34,11,0,0,0,0,0
DL,10/16/2021,2500,N337NB,ATL,6:00,5:59,106,100,-1,6:08,9,0,0,0,0,0
DL,10/16/2021,2537,N347NB,ATL,16:31,16:32,104,88,1,16:41,9,0,0,0,0,0
DL,10/17/2021,2483,N343NB,ATL,10:22,10:17,102,96,-5,10:27,10,0,0,0,0,0
DL,10/17/2021,2500,N339NB,ATL,6:00,5:55,106,98,-5,6:06,11,0,0,0,0,0
DL,10/17/2021,2537,N359NB,ATL,16:31,16:26,104,95,-5,16:35,9,0,0,0,0,0
DL,10/18/2021,2483,N359NB,ATL,10:22,10:20,102,98,-2,10:31,11,0,0,0,0,0
DL,10/18/2021,2500,N333NB,ATL,6:00,6:06,106,103,6,6:18,12,0,0,0,0,0
DL,10/18/2021,2537,N337NB,ATL,16:31,19:03,104,102,152,19:21,18,150,0,0,0,0
DL,10/19/2021,2483,N337NB,ATL,10:22,10:22,102,98,0,10:34,12,0,0,0,0,0
DL,10/19/2021,2500,N359NB,ATL,6:00,5:57,106,103,-3,6:12,15,0,0,0,0,0
DL,10/20/2021,2483,N336NB,ATL,10:22,10:06,102,105,-16,10:19,13,0,0,0,0,0
DL,10/20/2021,2500,N339NB,ATL,6:00,5:55,106,103,-5,6:06,11,0,0,0,0,0
DL,10/21/2021,2483,N336NB,ATL,10:22,10:19,102,97,-3,10:28,9,0,0,0,0,0
DL,10/21/2021,2500,N355NB,ATL,6:00,5:56,106,109,-4,6:08,12,0,0,0,0,0
DL,10/21/2021,2537,N317NB,ATL,16:31,16:24,104,107,-7,16:39,15,0,0,0,0,0
DL,10/22/2021,2483,N317NB,ATL,10:22,10:14,102,93,-8,10:22,8,0,0,0,0,0
DL,10/22/2021,2500,N339NB,ATL,6:00,6:05,106,109,5,6:15,10,0,0,0,0,0
DL,10/22/2021,2537,N359NB,ATL,16:31,16:24,104,102,-7,16:40,16,0,0,0,0,0
DL,10/23/2021,2483,N359NB,ATL,10:22,10:19,102,98,-3,10:33,14,0,0,0,0,0
DL,10/23/2021,2500,N339NB,ATL,6:00,5:56,106,92,-4,6:05,9,0,0,0,0,0
DL,10/23/2021,2537,N321NB,ATL,16:31,16:29,104,99,-2,16:40,11,0,0,0,0,0
DL,10/24/2021,2483,N317NB,ATL,10:22,10:17,102,108,-5,10:32,15,0,0,0,0,0
DL,10/24/2021,2500,N359NB,ATL,6:00,5:57,106,102,-3,6:11,14,0,0,0,0,0
DL,10/24/2021,2537,N331NB,ATL,16:31,16:41,104,102,10,16:52,11,0,0,0,0,0
DL,10/25/2021,2483,N317NB,ATL,10:22,10:15,102,105,-7,10:30,15,0,0,0,0,0
DL,10/25/2021,2500,N331NB,ATL,6:00,5:58,106,101,-2,6:10,12,0,0,0,0,0
DL,10/25/2021,2537,N329NB,ATL,16:31,17:00,104,94,29,17:12,12,0,0,1,0,18
DL,10/26/2021,2483,N329NB,ATL,10:22,10:16,102,92,-6,10:24,8,0,0,0,0,0
DL,10/26/2021,2500,N339NB,ATL,6:00,5:56,106,101,-4,6:08,12,0,0,0,0,0
DL,10/27/2021,2483,N339NB,ATL,10:22,10:12,102,100,-10,10:21,9,0,0,0,0,0
DL,10/27/2021,2500,N369NB,ATL,6:00,5:54,106,101,-6,6:05,11,0,0,0,0,0
DL,10/28/2021,2483,N343NB,ATL,10:22,10:18,102,103,-4,10:26,8,0,0,0,0,0
DL,10/28/2021,2500,N368NB,ATL,6:00,6:00,106,105,0,6:11,11,0,0,0,0,0
DL,10/28/2021,2537,N369NB,ATL,16:31,16:29,104,109,-2,16:42,13,0,0,0,0,0
DL,10/29/2021,2483,N364NB,ATL,10:22,10:18,102,103,-4,10:29,11,0,0,0,0,0
DL,10/29/2021,2500,N343NB,ATL,6:00,5:55,106,111,-5,6:07,12,0,0,0,0,0
DL,10/29/2021,2537,N351NB,ATL,16:31,16:28,104,103,-3,16:38,10,0,0,0,0,0
DL,10/30/2021,2483,N351NB,ATL,10:22,10:17,102,96,-5,10:25,8,0,0,0,0,0
DL,10/30/2021,2500,N339NB,ATL,6:00,5:54,106,105,-6,6:03,9,0,0,0,0,0
DL,10/30/2021,2537,N360NB,ATL,16:31,16:29,104,99,-2,16:46,17,0,0,0,0,0
DL,10/31/2021,2483,N351NB,ATL,10:22,11:04,102,96,42,11:12,8,0,0,0,0,36
DL,10/31/2021,2500,N343NB,ATL,6:00,5:53,106,117,-7,6:05,12,0,0,0,0,0
DL,10/31/2021,2537,N351NB,ATL,16:31,16:25,104,96,-6,16:35,10,0,0,0,0,0
DL,11/1/2021,2483,N360NB,ATL,10:22,10:53,102,136,31,11:39,46,17,0,34,0,14
DL,11/1/2021,2500,N368NB,ATL,6:00,5:55,106,101,-5,6:05,10,0,0,0,0,0
DL,11/1/2021,2537,N360NB,ATL,16:31,16:44,104,108,13,16:58,14,0,0,4,0,13
DL,11/2/2021,2483,N360NB,ATL,10:22,10:42,102,104,20,11:01,19,0,0,2,0,20
DL,11/2/2021,2500,N343NB,ATL,6:00,5:55,106,99,-5,6:04,9,0,0,0,0,0
DL,11/3/2021,2483,N343NB,ATL,10:22,10:19,102,96,-3,10:27,8,0,0,0,0,0
DL,11/3/2021,2500,N357NB,ATL,6:00,5:58,106,124,-2,6:29,31,0,0,16,0,0
DL,11/4/2021,2483,N343NB,ATL,10:22,10:21,102,97,-1,10:34,13,0,0,0,0,0
DL,11/4/2021,2500,N337NB,ATL,6:00,6:21,106,103,21,6:37,16,18,0,0,0,0
DL,11/4/2021,2537,N359NB,ATL,16:31,16:31,104,100,0,16:43,12,0,0,0,0,0
DL,11/5/2021,2483,N343NB,ATL,10:22,10:15,102,101,-7,10:23,8,0,0,0,0,0
DL,11/5/2021,2500,N339NB,ATL,6:00,5:58,106,98,-2,6:09,11,0,0,0,0,0
DL,11/5/2021,2537,N360NB,ATL,16:31,17:13,104,106,42,17:25,12,0,0,2,0,42
DL,11/6/2021,2483,N343NB,ATL,10:22,10:19,102,99,-3,10:27,8,0,0,0,0,0
DL,11/6/2021,2500,N360NB,ATL,6:00,7:09,106,95,69,7:18,9,58,0,0,0,0
DL,11/6/2021,2537,N339NB,ATL,16:31,16:23,104,92,-8,16:31,8,0,0,0,0,0
DL,11/7/2021,2483,N989AT,ATL,10:14,10:12,109,95,-2,10:23,11,0,0,0,0,0
DL,11/7/2021,2537,N339NB,ATL,16:42,16:41,109,95,-1,16:51,10,0,0,0,0,0
DL,11/7/2021,2567,N926AT,ATL,18:53,18:53,117,101,0,19:09,16,0,0,0,0,0
DL,11/7/2021,2800,N608AT,ATL,12:55,12:52,115,110,-3,13:19,27,0,0,0,0,0
DL,11/8/2021,2483,N978AT,ATL,10:14,10:11,109,100,-3,10:21,10,0,0,0,0,0
DL,11/8/2021,2537,N359NB,ATL,16:42,16:34,109,99,-8,16:47,13,0,0,0,0,0
DL,11/8/2021,2567,N608AT,ATL,18:53,18:52,117,102,-1,19:04,12,0,0,0,0,0
DL,11/8/2021,2800,N928AT,ATL,12:55,12:51,115,99,-4,13:02,11,0,0,0,0,0
DL,11/9/2021,2483,N928AT,ATL,10:14,10:09,109,100,-5,10:20,11,0,0,0,0,0
DL,11/9/2021,2567,N966AT,ATL,18:53,18:48,117,108,-5,18:59,11,0,0,0,0,0
DL,11/9/2021,2800,N921AT,ATL,12:55,12:49,115,101,-6,13:01,12,0,0,0,0,0
DL,11/10/2021,2483,N938AT,ATL,10:14,10:09,109,97,-5,10:20,11,0,0,0,0,0
DL,11/10/2021,2567,N943AT,ATL,18:53,18:49,117,102,-4,18:59,10,0,0,0,0,0
DL,11/10/2021,2800,N921AT,ATL,12:55,12:49,115,111,-6,13:02,13,0,0,0,0,0
DL,11/11/2021,2483,N977AT,ATL,10:14,10:05,109,113,-9,10:22,17,0,0,0,0,0
DL,11/11/2021,2537,N368NB,ATL,16:42,16:46,109,133,4,16:58,12,0,0,28,0,0
DL,11/11/2021,2567,N948AT,ATL,18:53,18:51,117,120,-2,19:01,10,0,0,0,0,0
DL,11/11/2021,2800,N995AT,ATL,12:55,12:50,115,107,-5,13:04,14,0,0,0,0,0
DL,11/12/2021,2483,N977AT,ATL,10:14,10:14,109,105,0,10:24,10,0,0,0,0,0
DL,11/12/2021,2537,N326NB,ATL,16:42,16:39,109,107,-3,16:54,15,0,0,0,0,0
DL,11/12/2021,2567,N342NB,ATL,18:53,19:35,114,113,42,19:59,24,41,0,0,0,0
DL,11/12/2021,2800,N924AT,ATL,12:55,12:48,115,112,-7,13:03,15,0,0,0,0,0
DL,11/13/2021,2483,N998AT,ATL,10:14,10:04,109,119,-10,10:39,35,0,0,0,0,0
DL,11/13/2021,2537,N360NB,ATL,16:42,16:37,109,96,-5,16:46,9,0,0,0,0,0
DL,11/13/2021,2800,N940AT,ATL,12:55,12:49,115,99,-6,12:59,10,0,0,0,0,0
DL,11/14/2021,2483,N940AT,ATL,10:14,10:11,109,102,-3,10:21,10,0,0,0,0,0
DL,11/14/2021,2537,N346NB,ATL,16:42,17:00,109,103,18,17:10,10,0,0,0,0,0
DL,11/14/2021,2567,N948AT,ATL,18:53,19:45,117,96,52,20:00,15,8,0,0,0,23
DL,11/14/2021,2800,N934AT,ATL,12:55,13:08,115,98,13,13:14,6,0,0,0,0,0
DL,11/15/2021,2483,N966AT,ATL,10:14,10:08,109,97,-6,10:17,9,0,0,0,0,0
DL,11/15/2021,2537,N345NB,ATL,16:42,17:10,109,130,28,17:49,39,0,0,21,0,28
DL,11/15/2021,2800,N988AT,ATL,12:55,12:52,115,118,-3,13:22,30,0,0,0,0,0
DL,11/16/2021,2483,N993AT,ATL,10:14,10:14,109,104,0,10:26,12,0,0,0,0,0
DL,11/16/2021,2567,N970AT,ATL,18:53,19:02,117,95,9,19:13,11,0,0,0,0,0
DL,11/16/2021,2800,N896AT,ATL,12:55,12:49,115,99,-6,12:57,8,0,0,0,0,0
DL,11/17/2021,2483,N974AT,ATL,10:14,10:10,109,112,-4,10:21,11,0,0,0,0,0
DL,11/17/2021,2567,N982AT,ATL,18:53,18:46,117,101,-7,18:55,9,0,0,0,0,0
DL,11/17/2021,2800,N993AT,ATL,12:55,12:44,115,109,-11,12:59,15,0,0,0,0,0
DL,11/18/2021,2483,N608AT,ATL,10:14,10:07,109,108,-7,10:16,9,0,0,0,0,0
DL,11/18/2021,2537,N321NB,ATL,16:42,16:36,109,102,-6,16:45,9,0,0,0,0,0
DL,11/18/2021,2567,N951AT,ATL,18:53,18:49,117,98,-4,18:59,10,0,0,0,0,0
DL,11/18/2021,2800,N951AT,ATL,12:55,12:51,115,105,-4,13:01,10,0,0,0,0,0
DL,11/19/2021,2483,N977AT,ATL,10:14,10:06,109,97,-8,10:15,9,0,0,0,0,0
DL,11/19/2021,2537,N343NB,ATL,16:42,16:45,109,102,3,17:00,15,0,0,0,0,0
DL,11/19/2021,2567,N980AT,ATL,18:53,18:53,117,97,0,19:02,9,0,0,0,0,0
DL,11/19/2021,2800,N980AT,ATL,12:55,12:55,115,96,0,13:05,10,0,0,0,0,0
DL,11/20/2021,2483,N948AT,ATL,10:14,10:06,109,95,-8,10:14,8,0,0,0,0,0
DL,11/20/2021,2537,N321NB,ATL,16:42,17:54,109,100,72,18:03,9,63,0,0,0,0
DL,11/20/2021,2800,N942AT,ATL,12:55,13:25,115,94,30,13:35,10,0,0,0,0,0
DL,11/21/2021,2483,N949AT,ATL,10:14,10:07,109,99,-7,10:19,12,0,0,0,0,0
DL,11/21/2021,2537,N357NB,ATL,16:42,16:42,109,107,0,16:58,16,0,0,0,0,0
DL,11/21/2021,2800,N995AT,ATL,12:55,12:48,115,103,-7,12:59,11,0,0,0,0,0
DL,11/22/2021,2483,N893AT,ATL,10:14,10:20,109,97,6,10:32,12,0,0,0,0,0
DL,11/22/2021,2567,N998AT,ATL,18:53,18:47,117,96,-6,18:57,10,0,0,0,0,0
DL,11/22/2021,2800,N932AT,ATL,12:55,12:51,115,98,-4,13:03,12,0,0,0,0,0
DL,11/23/2021,2483,N921AT,ATL,10:14,10:09,109,94,-5,10:18,9,0,0,0,0,0
DL,11/23/2021,2567,N926AT,ATL,18:53,18:47,117,96,-6,18:55,8,0,0,0,0,0
DL,11/23/2021,2800,N993AT,ATL,12:55,12:51,115,98,-4,13:01,10,0,0,0,0,0
DL,11/24/2021,2483,N947AT,ATL,10:14,10:07,109,96,-7,10:16,9,0,0,0,0,0
DL,11/24/2021,2537,N343NB,ATL,16:42,16:35,109,100,-7,16:49,14,0,0,0,0,0
DL,11/24/2021,2800,N951AT,ATL,12:55,12:52,115,96,-3,13:01,9,0,0,0,0,0
DL,11/25/2021,2537,N947AT,ATL,17:00,0:00,116,0,0,0:00,0,0,0,0,0,0
DL,11/25/2021,2800,N946AT,ATL,11:35,11:28,112,102,-7,11:36,8,0,0,0,0,0
DL,11/26/2021,2483,N965AT,ATL,10:14,10:16,109,95,2,10:28,12,0,0,0,0,0
DL,11/26/2021,2537,N330NB,ATL,16:42,16:37,109,92,-5,16:47,10,0,0,0,0,0
DL,11/26/2021,2800,N995AT,ATL,12:55,12:47,115,95,-8,12:59,12,0,0,0,0,0
DL,11/27/2021,2483,N928AT,ATL,10:14,10:08,109,98,-6,10:18,10,0,0,0,0,0
DL,11/27/2021,2537,N358NB,ATL,16:42,16:40,109,97,-2,16:50,10,0,0,0,0,0
DL,11/27/2021,2567,N942AT,ATL,18:53,18:49,117,102,-4,19:03,14,0,0,0,0,0
DL,11/27/2021,2800,N940AT,ATL,12:55,12:50,115,104,-5,13:00,10,0,0,0,0,0
DL,11/28/2021,2483,N974AT,ATL,10:14,10:10,109,96,-4,10:22,12,0,0,0,0,0
DL,11/28/2021,2537,N353NB,ATL,16:42,16:45,109,97,3,16:57,12,0,0,0,0,0
DL,11/28/2021,2567,N932AT,ATL,18:53,18:51,117,92,-2,18:59,8,0,0,0,0,0
DL,11/28/2021,2800,N929AT,ATL,12:55,12:50,115,98,-5,13:03,13,0,0,0,0,0
DL,11/29/2021,2483,N934AT,ATL,10:14,10:16,109,94,2,10:25,9,0,0,0,0,0
DL,11/29/2021,2537,N330NB,ATL,16:42,16:40,109,94,-2,16:48,8,0,0,0,0,0
DL,11/29/2021,2567,N971AT,ATL,18:53,18:42,117,99,-11,18:51,9,0,0,0,0,0
DL,11/29/2021,2800,N977AT,ATL,12:55,12:53,115,96,-2,13:02,9,0,0,0,0,0
DL,11/30/2021,2483,N966AT,ATL,10:14,10:15,109,98,1,10:26,11,0,0,0,0,0
DL,11/30/2021,2567,N928AT,ATL,18:53,18:47,117,98,-6,18:57,10,0,0,0,0,0
DL,11/30/2021,2800,N943AT,ATL,12:55,12:49,115,98,-6,12:59,10,0,0,0,0,0
,,,,,,,,,,,,,,,,
,,,,,,,,,,,,,,,,
,,,,,,,,,,,,,,,,
,,,,,,,,,,,,,,,,
,,,,,,,,,,,,,,,,
,,,,,,,,,,,,,,,,
,,,,,,,,,,,,,,,,
,,,,,,,,,,,,,,,,
 SOURCE: Bureau of Transportation Statistics,,,,,,,,,,,,,,,,
